Cd,Automobile,Calendar Year
0.7 to 1.1,typical values for a Formula One car (downforce settings change for each circuit),
0.74,Legends car,
0.7,Caterham Seven,
0.65 to 0.75,Lotus Seven,1957–1972
0.6 +,a typical truck,
0.59,Land Rover Defender,2008
0.57,Hummer H2,2003
0.54,Mercedes Benz G-Class,
0.51,Volkswagen Westfalia Camper,1980-1991
0.51,Citroën 2CV,1948
0.48,Rover Mini,1998
0.48,Volkswagen Beetle (original design),1938
0.48,Volkswagen Cabriolet (Rabbit Convertible),1979–1993
0.47,Lancia Aprilia,1937
0.46,Ford Mustang (coupe),1979
0.46,Lincoln Town Car (sedan),1985-1989
0.454,Jeep Wrangler (JL),2018
0.45,Dodge Viper RT/10,1996
0.45,Mercury Grand Marquis (sedan),1988-1991
0.45,Range Rover Classic,1990
0.45,Volkswagen Gol G1,1980
0.44,Volkswagen Vanagon,1980-1991
0.44,Ford Mustang (fastback),1979
0.44,Peugeot 305,1978
0.44,Peugeot 504,1968
0.44,Toyota Truck,1990
0.43,TVR 3000S,1978-79
0.425,"Duple 425 coach 
(named for its low Cd by coach standards)",1985
0.42,Lamborghini Countach,1974
0.42,Plymouth Duster,1994
0.42,Triumph Spitfire Mk IV,1971
0.41,Smart Roadster,2003
0.41,Volvo 740 (sedan),1982
0.405,Subaru Forester,1997-2002
0.40,Chevrolet Astro,1995-2005
0.40,Mercury Cougar,1983-1986
0.40,Ariel Atom,2002
0.40,Ford Escape Hybrid,2005
0.40,Nissan Skyline GT-R R32,1989
0.40,Jaguar XJS,1976-1996
0.40,Ford Ranger,2011-2015
0.39,Chevrolet Tahoe,2006
0.39,MG ZR,2001
0.39,Dodge Durango,2004
0.39,Ford Aerostar,1995
0.39,Ford Escort 5 Door,1981-1984
0.39,Honda Odyssey,1994-98
0.39,Toyota Tacoma (N300),2016
0.39,Triumph Spitfire,1964
0.385,Nissan 280ZX,1978
0.38,Fiat Ritmo,1978
0.38,Ford Territory,2011
0.38,Lexus GX,2003
0.38,Lincoln Mark VII,1984-1992
0.38,Mazda Miata,1989
0.38,Fiat 500,1957
0.38,Smart Roadster Coupé,2003
0.38,Subaru Forester,2009-2013
0.38,"VW NewBeetle 
without wing or spoiler 0.39",2003
0.374,Ford Capri Mk III,1978
0.372,Ferrari F50,1996
0.37,Ford Escort Mk.III (Europe),1980
0.37,BMW Z3 M coupe,1999
0.37,Jaguar XJ (X300/X308)
0.37,Mercury Grand Marquis,1998-2002
0.37,Mercury Grand Marquis,2003-2011
0.37,Renault Twingo I,
0.37,Volkswagen Tiguan,2008
0.36,Alfa Romeo 33,1983[citation needed]
0.36,Cadillac Escalade hybrid,2008
0.36,Cadillac Fleetwood,1996
0.36,Citroën CX (named after the term for Cd),1974
0.36,Citroën DS,1955
0.36,Chrysler Sebring,1996
0.36,Ferrari Testarossa,1986
0.36,Ford Escort,1997-2002
0.36,Ford Focus 3-door,2000-2004
0.36,Ford Mustang,1999
0.36,Honda Civic,2001–2005
0.36,Lincoln Town Car,1990-1997
0.36,Mercury Cougar,1987-1988
0.36,Mercury Grand Marquis,1992-1997
0.36,"Mitsubishi Magna, V3000 sedan",1985-1991
0.36,Mitsubishi Lancer Evolution IX,2006
0.36,Subaru Impreza WRX,2010
0.36,Saturn SW,1996-2001
"0.36, 0.244 (1:5)",Tatra 87,1936-1950
0.36,Toyota Celica Convertible,1994-1999
0.36,Volkswagen Jetta,1985-1992
0.357,Ram 1500 Quad Cab 4x2,2018
0.355,NSU Ro 80,1967
0.355,Ford Focus RS,2016
0.35,Maserati Quattroporte V,2003
0.35,Aleko 2141,1986-2002
0.35,Aston Martin Vanquish,2004
0.35,BMW M3 Convertible,2005
0.35,BMW Z4 M coupe,2006
0.35,DeltaWing (endurance racing car),2012
0.35,Dodge Viper GTS,1996
0.35,Ford Thunderbird,1983-1988
0.35,Ford Windstar,1995-1998
0.35,Ford Windstar,1999-2003
0.35,Honda Del Sol,1992–1997
0.35,Jaguar XKR,2005
0.35,Lexus GX,2010
0.35,Lexus RX,2003–2009
0.35,MINI Cooper,2008
0.35,Mitsubishi Lancer Evolution X,2008
0.35,Nissan Cube,2009
0.35,Renault Clio (Mk 2),2002
0.35,SSC Ultimate Aero,2007–2013
0.35,Tesla Roadster,2008
0.35,Mitsubishi i-MiEV,2011
0.35,Smart ForTwo,2008-
0.35,Toyota MR-2,1998
0.35,Toyota Previa,1991-1997
0.35,Toyota Sequoia,2007
0.35,Volvo 940 (sedan),1990
0.348,Toyota Celica Supra (Mk 2),1982
0.342,Toyota Celica (Liftback Model),1982
0.34,Alfa Romeo Giulia sedan,1968-1972
0.34,Aston Martin DB9,2004
0.34,Chevrolet Caprice,1994
0.34,Chevrolet C6 Corvette Z06,2006–2013
0.34,Chevrolet Tahoe hybrid,2008
0.34,Ferrari 360 Modena,1999
0.34,Ferrari F40,1987
0.34,Ferrari F430 F1,2004
0.34,Fiat Uno,1984-1989
0.34,Ford Puma,1997
0.34,Ford Sierra,1982
0.34,Geo Metro (Hatchback),1995-1997
0.34,Volkswagen Gol G2,1994
0.34,Honda Prelude,1988
0.34,Mercedes-Benz SL (Roof Down),2001
0.34,Mitsubishi Lancer Evolution X,2014
0.34,Nissan Altima,1993-1997
0.34,Nissan Skyline R34 GT-R,1999-2002
0.34,Peugeot 106,1991
0.34,Saab 900 NG,2003
0.34,Saab 9000,1984-1998
0.34,Saturn SL2,1991-1995
0.34,Subaru Impreza WRX (4 Door),2009
0.34,Subaru Legacy Wagon,1993-1999
0.34,Toyota Corolla (Wagon),1993-1997
0.34,Toyota Supra (with factory 3 piece turbo wing),1989–1990
0.339,Citroen SM,1970-1975
0.338,Chevrolet Camaro,1995
0.334,Seat Leon FR,2005-2011
0.33,Acura Integra,1993-2001
0.33,Acura RSX,2002-2006
0.33,Alfa Romeo Giulia (saloon),1962
0.33,Audi A3,2006
0.33,BMW E30 M3,1986–1992
0.33,Chevrolet Caprice (sedan),1991-1996
0.33,Chevrolet Impala,2006
0.33,Dodge Charger,2006
0.33,Ford Crown Victoria,1992
0.33,Ford Escort ZX2,1998-2003
0.33,Ford Fusion,2010
0.33,Holden Commodore (VT) sedan,1997
0.33,Honda Accord Sedan,2002
0.33,Honda Civic Hatchback,1988-1991
0.33 to 0.37,Koenigsegg Agera R,2013
0.33,Lamborghini Murciélago,2001
0.33,Lexus RX,2010
0.33,Mazda RX-7 FC3C,1987
0.33,Nissan 200SX Coupe,1995-1998
0.33,Peugeot 206,1998
0.33,"Dodge Durango 
(without roof-rack), (""HEAT"" model, 0.325)",2011–present
0.33,Peugeot 309,1986
0.33,Renault Modus,2004
0.33,Saab 9-3 SC,2003
0.33,Saturn SL2,1999
0.33,Subaru Impreza WRX STi,2004
0.33,Subaru Forester,2014-2018
0.33,Toyota Camry (Sedan),1991
0.33,Toyota Corolla (E100),1993-1997
0.33,Toyota Supra (without wing),1989–1990
0.329,Chevrolet Corsica,1989-2006
0.325,Opel Astra J,2009
0.324,Cobalt SS Supercharged,2005
0.321,Toyota Matrix,2003-2008
0.32,Mitsubishi RVR,2010
0.32,Buick Riviera,1995
0.32,BMW M3 Coupe,2005
0.32,Daewoo Espero,1990
0.32,Dodge Avenger,1995
0.32,Ferrari California,2008
0.32,Chrysler 300C,2011-2014
0.32,Fiat Croma,1985-1996
0.32,Ford Taurus,1992-1995
0.32,Geo Metro (Sedan),1995-1997
0.32,Seat Leon,2005-2011
0.32,Honda Accord (Coupe),2002
0.32,Honda Ascot Innova (Sedan),1992-1996
0.32,Honda Civic (Coupe),1992-1995
0.32,Honda Civic (Hatchback DX),1996-2000
0.32,Honda Civic (Sedan EX),1996-2000
0.32,Honda NSX,1990
0.32,Hyundai Veloster,2012
0.32,Jaguar XJ (X350),2006
0.32,Koenigsegg CCX,2006
0.32,Mazdaspeed3,2007
0.32,McLaren F1,1992
0.32,Mercedes-Benz 190E 2.5-16/2.3-16,1983-1990
0.32,Nissan 240SX Coupe,1995-1998
0.32,Nissan 300ZX,1989
0.32,Nissan Altima,1998-2001
0.32,Nissan Maxima,1997
0.32,Oldsmobile Aurora,1995-1999
0.32,Porsche 997 GT2,2008–2013
0.32,Peugeot 406,1995
0.32,Peugeot 806,1994
0.32,Saab Sonett II,1966-1969
0.32,Scion xB,2008
0.32,Suzuki Swift,1991
0.32,Tatra 600,1948-1952
0.32,Toyota Celica,1994
0.32,Toyota Celica,2000-2005
0.32,Toyota Supra (N/A with wing and turbo models),1993
0.32,Toyota Supra (with factory turbo wing),1987–1988
0.32,Toyota Tercel Sedan,1995-2000
0.32,"Toyota Corolla Hatchback (E210, US)",2019
0.32,Volkswagen Golf Mk3,1991
0.32,Volkswagen GTI Mk V,2006
0.32,Volvo V50,2004
Cd,Automobile,Calendar Year
0.315,Saturn SL1,1996-1999
0.31,Alfa Romeo 156,1997–2007
0.31,Audi A4 B5,1995
0.31,Audi A5,2011–2016
0.31,Audi A3,2014
0.31,BMW 7 Series,2009
0.31,Buick Park Avenue,1996
0.31,Cadillac CTS,2004
0.31,Cadillac CTS-V,2005
0.31,Citroën AX,1986
0.31,Citroën GS,1970
0.31,Eagle Vision,1995
0.31,Ford Focus sedan,2000-2004
0.31,Fiat Coupé,1995
0.31,Fiat Tipo,1988-1995
0.31,Ford Falcon,1995
0.31,Ford Thunderbird,1989-1997
0.31,Holden Commodore,1998
0.31,Honda Civic (Hatchback),1992-1995
0.31,Honda Civic (Sedan),2006
0.31,Infiniti G37 (Coupe),2008–2015
0.31,Kia Rio (Sedan),2001
0.31,Lamborghini Diablo,1990
0.31,Lexus LFA (wing retracted),2010
0.31,Mazda MX-3,1990–1996
0.31,Mazda MX-6,1992–1997
0.31,Mazda RX-7 FC3S,1986
0.31,Mazda RX-7 FD R1(R2),1993
0.31,Mazda RX-8,2004
0.31,Mazda2 (Hatchback),2010-2014
0.31,Mazda3 (Hatchback),2010-2013
0.31,Nissan Tiida / Versa,2004
0.31,Opel Tigra,1994-2000
0.31,Pagani Huayra,2012
0.31,Peugeot 307,2001
0.31,Peugeot 405,1987
0.31,Porsche 997 Turbo/GT3,2006
0.31,Renault 25,1984
0.31,Saab Sonett III,1970-1974
0.31,Saab 9-3 Viggen,2003
0.31,Saab 9-5 Wagon (2000-2010),2003
0.31,Saturn SC2,2001
0.31,Scion xA,2004
0.31,Toyota Avalon,1995–2000
0.31,Toyota Corolla (E110),1998-2002
0.31,"Toyota Corolla (E210, UK)",2019
0.31,Toyota Paseo,1995-1999
0.31,Toyota RAV4,2006
0.31,Toyota Supra (N/A; without factory wing),1993
0.31,Volkswagen GTI Mk IV,1997
0.31,Volkswagen Golf Mk6,2008-2012
0.31,Volvo S40 2nd generation,2003
0.308,Chevrolet Bolt,2016
0.308,Škoda Octavia RS[citation needed],2005
0.304,Ford Probe,1988-1992
0.30,Lotus Elan+2,1967-1974
0.30,Alfa Romeo 164,1988
0.30,Audi 100[citation needed],1983
0.30,BMW 5 Series (E34),1988
0.30,BMW 3 Series (F30/F31) 335i,2012
0.30,Citroën XM,1989
0.30,Fiat Uno facelift[citation needed],1989-2000
0.30,Ford Taurus,1996-1999
0.30,Ford Focus Wagon[citation needed],2000-2004
0.30,Ford Focus ST[citation needed],2013–2018
0.30,Honda Accord Sedan[citation needed],"2003, 2005–2007"
0.30,Honda CRX DX/Si,1988
0.30,Honda NSX[citation needed],2002
0.30,Hyundai Sonata[citation needed],2006
0.30,Koenigsegg CCX[citation needed],2006
0.30,Mitsubishi Eclipse[citation needed],2000
0.30,Nissan 180SX[citation needed],1989
0.30,Nissan 300ZX[citation needed],1983
0.30,Nissan 350Z Coupe Base and Enthusiast models[citation needed],2003–2008
0.30,"Nissan 370Z Coupe 
(0.29 with sport package)",2009
0.30,Peugeot 207,2006-2014
0.30,Renault 19 16V[citation needed],1991
0.30,Saab 92,1947
0.30,Seat Leon[citation needed],2012
0.30,Toyota Camry (Sedan),1996
0.30,Toyota Corolla (E120),2003-2008
0.30,"Toyota Corolla (E210, Europe, Hatchback)",2019
0.30,Toyota Sienna[citation needed],2003–2009
0.30,Volkswagen Bora mk4[citation needed],1999–2005
0.30,Mercedes-Benz CLA 250,2013–2018
0.299,Cadillac ATS,2012
0.296,Chevrolet Impala (I4),2013
0.295,Ford Focus Mk.III hatchback  (0.274 sedan),2011
0.291,Toyota Avalon,2005
0.29,Subaru XT[citation needed],1985-1989
0.29,Alfa Romeo 155,1992
0.29,Alfa Romeo MiTo,2011
0.29,Audi A4 sedan,2007
0.29,BMW 3 Series (F30/F31) 328i,2012
0.29,BMW i3,2013
0.29,Chevrolet Corvette,2005
0.29,Chevrolet Cruze sedan,2016
0.29,Fiat Tipo,2015
0.29,Ford Escape,2010
0.29,Ford Focus C-Max,2003
0.29,Honda Accord Coupe,"2003, 2005–2007"
0.29,Honda Accord Hybrid,"2005, 2007"
0.29,Honda CRX HF,1988
0.29,Kia Niro Hybrid/EV Compact SUV,2016
0.29,Lancia Dedra[citation needed],1990
0.29,Lexus LS 400,1990
0.29,Mazda3 (sedan),2009
0.29,Mercedes-Benz C-Class Sportscoupe[citation needed],2001
0.29,Nissan Leaf,2010
0.29,Saab 9-5 (1998 – 2009),2003
0.29,"Toyota Corolla L/LE sedan (E170), (E210)","2013 (E170), 2019 (E210)"
0.29,Toyota Platz,2000-2005
0.29,Toyota Prius,2001
0.29,Toyota Yaris (hatchback & sedan),2006-2011
0.29,Volvo C70,1998
0.29,NIO ES8,2017
0.288,Chrysler Concorde,1998–2001
0.286,Perodua Bezza,2016
0.286,Chevrolet Corvette C6 (coupe),2005–2013
0.285,Chevrolet Volt,2016
0.285,Dodge Dart (PF),2012
0.285,Opel Astra K Hatchback,2015
0.284,Volkswagen Passat CC,2008–2017
0.281,Chevrolet Volt,2010-2015
0.28,Alfa Romeo Giulietta Sprint Speciale,1959
0.28,Audi A2 1.4 TDI,2000
0.28,Citroën C4,2004
0.28,Fiat Croma Nuova,2005-2011
0.28,Honda Civic Hybrid,2003-2005
0.28,Honda Insight,2009-2014
0.28,Hyundai Elantra,2011
0.28,"Hyundai Sonata
(0.25 for the Hybrid)",2011-2013
0.28,Lexus IS,2006–present
0.28,Opel Omega (sedan),1986–1993
0.28,Saab 9-3 SS,2003
0.28,Rumpler Tropfenwagen,1921-1925
0.28,"Toyota Camry XV40, XV50",2006–2018
0.28,"Toyota Corolla (E210, Europe, Saloon)",2019
0.28,Maserati Quattroporte VI,2013
0.28,NIO ES6,2018
0.275,Ford Fusion,2013
0.274,Peugeot 207 Economique,2009
0.273,"Ford Focus Mk IV hatchback, (0.25 sedan)",2018
0.27,BMW 5 Series (E39),1996
0.27,BMW 3 Series (F30/F31) 320d,2012
0.27,Hyundai Elantra,2016
0.27,Hyundai Sonata,2019
0.27,Mazda6 (sedan and hatchback),2008
0.27,"Mercedes-Benz S Class
(0.268 with Sport Package[citation needed])",1998–2005
0.27,Subaru BRZ and Toyota 86,2012
0.27,Toyota Avalon (XX50),2018
0.27,Volkswagen Jetta Mk7,2018
0.263,NIO ES7,2022
0.26,BMW 3 Series (F30/F31) 320d EfficientDynamics,2012
0.26,BMW 3 Series (E90) (0.26-0.30),2009
0.26,BMW i8,2015
0.26,"Infiniti Q70 Hybrid / Nissan Fuga Hybrid 
(0.27 for ICE version)",2015
0.26,Jaguar XE,2014
0.26,Mazda3 (Sedan),2012
0.26,Mercedes-Benz C-Class Coupe,2015–2018
0.26,Nissan Altima (6th gen.),2018
0.26,Nissan Sylphy (B18),2019
0.26,Opel Calibra 8-valve,1989
0.26,Audi e-tron Sportback,2020
0.26,NIO EC6,2020
0.25,BMW iX,2020
0.25 (Manufacturer claim. Independent test measured 0.26.),Toyota Prius,2009-2015
0.25,Honda Insight,1999-2006
"0.25 (w/air suspension)
 0.26 (non-air suspension)",Lexus LS430,2001-2006
0.249,Škoda Octavia MkIV liftback,2020
0.24,Tesla Model X,2018
0.24,Hyundai Ioniq,2016–Present
0.24,Kia Optima Hybrid,2016
0.24,Mercedes-Benz S 350 BlueTec,2013
0.24,Mercedes-Benz C 220 BlueTec BlueEfficiency Sedan,2014–Present
0.24,Tesla Model S,2012
0.24,Toyota Prius,2016
0.24–0.30,BMW i4 eDrive40,2021
0.236,Xpeng P7,2020
0.23,Audi A4 2.0 TDI ultra (110 kW),2015
0.23,Alfa Romeo Giulia Advanced Efficiency,2016
0.23,BMW 320d (G20),2018
0.23,Tesla Model 3,2017
0.22,Porsche Taycan Turbo,2019
0.22,BMW 5 series (G30) 520d EfficientDynamics,2017
0.22,Mercedes-Benz CLA 180 BlueEfficiency Sedan,2013
0.212 (according to some sources: 1:5 model test),Tatra T77A,1935
0.21,Lucid Air,2020
0.208,NIO ET7,2021
0.208,Tesla Model S,2021
0.20,Mercedes-Benz EQS,2021
0.19,General Motors EV1,1996
0.19,Volkswagen XL1,2013


